2019抖音最火的50大中文歌曲合集 抖音最火的无损音乐50首合集,/p/6335140323
清寨谷生态园新农人分享:小时候的年，是爸买回来的肉，是妈给我,/p/5539137186
王军，想找同年同月同日生的王军。,/p/99433400
寻找99年王军,/p/4769528605
安徽王军 2001  02 20 过来报个到  QQ1984,/p/5829107420
王军 《远方》歌词,/p/5552609695
王军之家  留下 地址 QQ 年龄,/p/850994614
王军面诊视频,/p/5252724761
王军耳软骨隆鼻面诊视频,/p/5235344369
1996年5月10日，,/p/4008846924
我想你，王军,/p/764614929
著名歌手《张狄》兄弟的新歌出炉,/p/4967021772
"甘肃创业人第六届同乡会迎新联谊晚会总结
在金鸡报喜，喜迎新年，",/p/4927400501
永年洺关王军在广州湛江海军，90年服役，战友找你请回复,/p/4879630414
"找王军,江西九江人",/p/576963106
这么嚣张的司机,/p/4821793351
"蕾蕾,我是王军,你在哪?",/p/145288940
叔村王军叔村王平，他热爱祖国、,/p/4717690017
结交同年同月同名的,/p/4486799968
夏天快到啦，大家还为自己没有A4腰着急吗？,/p/4446104721
来报个到,/p/4409580832
王军，留名,/p/3905561360
有没四川的王军。留地名,/p/1035883792
金猴贺岁  横扫千军新年礼,/p/4334023999
王军这名字已经烂大街了，我认识的王军肯定不是你们认识的王军,/p/4225649392
签到都签到十一级了…,/p/4195177111
画家王军教授清华硕士国家一级美朮师,/p/4180893398
有王军画家吗？请留名！,/p/798943370
游走,/p/4126729934
好心人,/p/4062547594
王军,/p/4055819297
王军,/p/3971413126
我创建了山东王军群山东的王军进来聊聊,/p/588764719
考到石家庄铁道学院2002级计算机班 王军,/p/3794354299
我想找湖南澧县一中的王军,/p/3794351177
123,/p/3787262669
我是湖南长沙王军,/p/1381403623
荆楚理工94计算机王军加我QQ1774348435,/p/3568355238
王军，,/p/3454839674
wongjun@sohu.com,/p/1418993004
王军，还记得我吗？,/p/635647318
我创了个群 里面都是叫王军的 王军们都+进来,/p/102822446
每当有事情无法解决的时候，我就想到了你,/p/1359473623
有谁知道王军那案子咋样了？,/p/1268937034
寻人启事  （欠钱跑路的）,/p/1288095879
【王军】 全球都能上的春晚◥◣●◢◤”,/p/1275022250
偶也叫王军，哈哈,/p/1267787004
王军朋,/p/1253162936
对不起,/p/1245112343
财政王军与郭美美,/p/1165471462
快把搞郭美美那个王军，拉去活埋！！,/p/1165375761
要求调查财政部长王军,/p/1183142535
王震之子是这个人，,/p/1168444960
哈哈，这么多都是叫王军！~~~~~~~~~,/p/1186649174
我想你了，旧宫王军88年,/p/778948550
！王军（独家），各位抓紧看,/p/1171578755
大家好 我是中红博爱的王军,/p/1172238183
如此雷人的淘宝客服,/p/1174691180
没想到她能如此淫乱,/p/1163359378
GANHUO,/p/1167643387
有谁知道王军和郭霉霉的情侣表是啥牌子呀？,/p/1141019140
我也叫王军 留个名,/p/1163194619
晒晒自己的QQ空间,/p/1047866002
哈哈,/p/1155459345
                江西九江 佳能厂的刘方方找你SB大叔,/p/1151830993
郭霉霉让希特勒生气了？？？,/p/1138691204
湖北王军,/p/1135631234
世界有多少王军请留名。,/p/10403682
寻湖北襄樊牛首王军,/p/1132456730
到底是哪个叫王军啊，这么牛,/p/1133347585
现在流行炫富？？,/p/1133446219
93年王军求异性，同志们勿喷！！！！,/p/1122948070
帮我看下这2个手表是什么牌子的呀？,/p/1120098148
叫王军的 <女> 请进来 看看女的多还是男的多,/p/320754063
找寻济南武警二支队保定 战友周京杰  王军,/p/1090643955
王军,/p/1085370295
免费陪你—王军,/p/903571791
出生于8月1日叫王军的...,/p/1024078952
我叫王军,/p/1062048654
小涧镇中学 王军，寻同学,/p/1044560719
我老师叫王军,/p/172353625
我爱王军！,/p/1018843655
河间职教体育老师王军,/p/990675456
王军证件,/p/993797295
寻---河间王军！,/p/623267591
找同学,/p/995361541
寻找1983.02.10的王军,/p/999973806
恨,/p/990986843
王军的命运,/p/966879162
我的愿忘是找一个女王军结婚,/p/959947655
王军说的评书录音！,/p/950006511
俺也叫王军家山东济宁的,/p/930873359
十年了，你是否已将我遗忘？,/p/648792427
北京叫王军的立即站出来。QQ544322113,/p/149773544
"你我有一种特别的缘份,因为你我的姓名都叫""王军"".请加Q群:70330340",/p/493663860
我是安徽的王军~还有哪个地方有我哥们啊~~~留个名~~~,/p/65818203
500人超级群，叫王军的都加，,/p/825246133
顶起`这么多的王军`我们是最棒的`所以我们的贴也要最棒`,/p/132670546
十三中王军,/p/704437142
山西的王军，进来顶下,/p/141979897
王军（桐城金神）,/p/851456112
到底有多少王军,/p/4285900
王军，你是什么星座？,/p/797207798
海天英语老师王军怎么样啊,/p/791972331
昆明“人民币哥”能警醒公民意识吗？,/p/838783653
我不叫王军…但是…,/p/687234218
大纲公布以后，应该如何安排复习呢？,/p/834035904
织金牛场王军1987认识勒进,/p/832577446
"王军变身""人民币哥""",/p/830774958
找四川王军,/p/671099854
老兵王军,/p/78973110
过来看看,/p/826010168
牙牙鱼找王军 张哲找王军 哥 我很想你！我电话13879995290 QQ 1186,/p/612638236
王军  要加油,/p/787019099
王军老师的课程,/p/792544441
我与考研高辅学生的那些事——愤怒,/p/812954595
我与考研高辅学生的那些事——泪水,/p/812953681
我与考研高辅学生的那些事——微笑,/p/812953619
往来时,/p/812712217
我回来了`兄弟门怎么样啊`多发点贴呀`,/p/132670432
海天考研细数考研成功者特质一,/p/811832878
我爱朱群燕,/p/13238591
找和我同年同日生的王军   顺便 我名字也叫王军,/p/803328427
有没有 87年6月27的王军,/p/802024960
有萧县王军吗？,/p/798948345
找同学王军,/p/793476454
哈哈哈哈,/p/782797763
回复:我心中的王军,/p/97408953
我的爱人－王军,/p/137664682
寻找叫王军的朋友,/p/764733203
王军们，我叫王军令，初来乍到，还望各位多多关照。,/p/768144847
京城神探 王军 单田芳播讲,/p/773834431
找湖北钟祥丰乐的王军,/p/773260362
我认识的王军。校草级的！帅帅!,/p/283926443
我叫王军,/p/144627116
寻找同月同日人,/p/768310124
请祝福我!我要结婚啦!,/p/199008421
讷河的王军,/p/286108462
"好兄弟""王军""",/p/681603882
叫王军的都进来看看,/p/762384992
WANGJUN,/p/757933668
大叔~！ 您上当了~！,/p/756503002
我是王军他爹！,/p/235218643
有谁是北京51125部队的,/p/505073904
找王军,/p/226605611
“共助云之南”百位当代艺术家赈灾项目启动!,/p/748894158
王军你不行,/p/739060953
来自宁夏平罗。。。呵,/p/744105081
"原谅我吧,王军",/p/197752829
王军,/p/606400687
我是凤阳的王军寻找二十年前同学王军我们都是二中的,/p/742198140
长沙的王军向您问好！,/p/561049118
寻找同年同月同日生的王军--我81年6月7日出生,/p/470370322
哈哈,/p/722993572
寻信阳市固始县王军,/p/721370379
谁个还喜欢信阳的王军,/p/624130280
王军祝全国所有的王军及家人新年快乐，事事顺心！,/p/712636578
南京十三中王校长,/p/704447668
四川远航有限公司 王军,/p/704739480
南京十三中王军,/p/704436708
同年同月生的！王军,/p/615115867
甘肃白银的王军,/p/693331922
王军吧主欢迎大家对王军贴吧的支持！,/p/690570663
···王军发图站···,/p/184584308
洞口的王军有吗,/p/121882434
"中国的王军来相聚,可以吗?",/p/609395707
"老子是陕西的王军,给老子改名.我听到不爽啊",/p/187237865
花10万人民币买王军首级！！！！！！,/p/647595979
石河子王军前来xxoo,/p/590554736
我认识一个叫王军的，她是我的同学，我很爱她！可是她不爱我,/p/649096978
不知道这多王军中谁最牛B！（大家说说自己是做什么的）,/p/111917045
我是浙江的...,/p/653629491
山东王军,/p/615243539
我是1985.07.24的,/p/364904343
王军 他的妈妈死了,/p/667022891
老子要改名,/p/662059254
北京打工,/p/661698229
北京荔湾厅,/p/661696513
寻找天津育红中学毕业的王军,/p/661607597
湖北赤壁的王军2我们不能做朋友吗？,/p/655817695
我是男人,/p/484506436
阳历八七年11月20的王军,/p/624131132
猪鼻子插大葱--装象,/p/632120486
猪鼻子插大葱--装象,/p/632120336
猪鼻子插大葱--装象,/p/632101171
寻找安徽灵璧尹集的一个自然村的王军,/p/627807326
陕西的王军,/p/623344535
我爸爸叫王军,/p/206439526
长治王军黑道大哥,/p/611101591
强烈鄙视那个南京十三中校长的王军,/p/607378660
我是甘肃天水王军,/p/607228659
找河南光山的王军 谢谢,/p/590820894
我的爸爸也叫王军,/p/167257516
那个王军是黑客高手！,/p/602669579
我有个同学叫王军?,/p/242632231
"我是王军 拣垃圾的,一家有7口",/p/320748503
张雪静《王军爱上你了！很爱！,/p/598608044
王军失踪,/p/580436497
我叫王军，我喜欢上叫许念的丫头了,/p/595608727
王军万岁！！！,/p/592709213
我也叫王军,/p/588120118
寻找太原的女王军,/p/516589198
山东，济宁，邹县，王家集的王军你在哪？,/p/196974071
我爱的人，王军 ~,/p/559839851
寻湖北仙桃叫王志勇认识王军的,/p/560476439
寻辽宁　抚顺市的王军,/p/541842717
王军找爱人。电话13752405792,/p/552038100
王军 王军 王军,/p/544128040
叫王军的都进来加群吧！~！~,/p/543848491
出卖记忆－－－王军,/p/408617567
▁▂▃▄▅▆▇█▉测试1▁▂▃▄▅▆▇█▉,/p/531565905
▁▂▃▄▅▆▇█▉测试▁▂▃▄▅▆▇█▉,/p/531565712
成都理工大学广播影视学院的王军,/p/490844634
北京东城区的王军，我有话要告诉你,/p/476882662
王军，你在哪，我到了湖南准备去你家,/p/67935789
大连王军知多少,/p/513241113
王军，你要回答我。,/p/506121625
九七年在沭阳警卫培训中心的同学们13962452163王军。,/p/517053722
王晓军我还是爱你的~,/p/515142931
大连的王军请加我,/p/508330050
天呐！吴凡来报道拉，吧主！你为啥要删我帖子，我是给我家王军看吖,/p/501044346
"王军 1977年7月2日出生北京的,有认识的吗?",/p/358866479
我的前夫叫王军,/p/77504867
我就是王军,/p/475396539
王军，NB的人,/p/473514406
我儿子王军来了吗,/p/466662998
原合肥散装水泥王军,/p/472401577
321,/p/469529840
同年同月日的王军，邓州林扒的最好！,/p/446132131
爱情是我的信仰，但是是我永远实现不了的幻觉,/p/425180858
照片,/p/418845393
军军哥哥，是我啊：）,/p/288929136
祝福天下所有的王军,/p/312711104
偶叫王军,/p/384042701
开封王军,/p/377788047
哈哈,/p/368342390
辽宁·铁岭 师范高等专科学校——王军！~,/p/152839268
我也叫王军,/p/339484174
有这么多人叫王军，看来我们老爸都是一个村的。,/p/345340577
王军不是好人,/p/342072935
对于 拉丁老师 王军,/p/334370504
我叫王军，不想活了,/p/176359363
|3220 　　许亮ＳＢＳＢ... xgis,/p/329218080
|9968 　　许亮ＳＢＳＢ... ocgm,/p/329218079
|5325 　　许亮ＳＢＳＢ... qpsl,/p/329218078
|1760 　　许亮ＳＢＳＢ... siue,/p/329218029
ijyi%2黑鲍娇。。爆死黑鲍娇。。40744074,/p/328845751
srkx%2黑鲍娇。。爆死黑鲍娇。。46064606,/p/328845749
whlu%2黑鲍娇。。爆死黑鲍娇。。14141414,/p/328845743
evxd%2黑鲍娇。。爆死黑鲍娇。。44504450,/p/328845742
ttzj%2黑鲍娇。。爆死黑鲍娇。。21832183,/p/328845682
rstk%2黑鲍娇。。爆死黑鲍娇。。82218221,/p/328845679
gqti%2黑鲍娇。。爆死黑鲍娇。。81868186,/p/328845673
nswo%2黑鲍娇。。爆死黑鲍娇。。96699669,/p/328845665
jpmt%2黑鲍娇。。爆死黑鲍娇。。33013301,/p/328845441
psjw%2黑鲍娇。。爆死黑鲍娇。。86108610,/p/328845165
mreu%2黑鲍娇。。爆死黑鲍娇。。97589758,/p/328845156
sykj%2黑鲍娇。。爆死黑鲍娇。。39283928,/p/328845146
jdnb%2黑鲍娇。。爆死黑鲍娇。。88798879,/p/328845142
exns%2黑鲍娇。。爆死黑鲍娇。。64826482,/p/328845100
mplw%2黑鲍娇。。爆死黑鲍娇。。90489048,/p/328845083
xdra%2黑鲍娇。。爆死黑鲍娇。。85448544,/p/328845080
oydo%2黑鲍娇。。爆死黑鲍娇。。27832783,/p/328845074
qtry%2黑鲍娇。。爆死黑鲍娇。。66616661,/p/328845015
hbpo%2黑鲍娇。。爆死黑鲍娇。。21732173,/p/328845006
wrff%2黑鲍娇。。爆死黑鲍娇。。17561756,/p/328845001
我爱王军，新疆米泉的王军,/p/327823233
范萍我永远爱你,/p/149739111
sxcs,/p/325577774
王军,/p/322422231
我的老师叫王军,/p/114750908
!5Pk(,/p/312525969
_v&A\,/p/312525718
rggtggggggge/Js,/p/312525637
+F^,/p/312525617
(?]{2,/p/312525606
"""=[r)",/p/312525047
rggtggggggg ;Yq',/p/312525034
rggtggggggg3Kf}:,/p/312524972
Mk3[,/p/312524929
rggtgggggggp :Uz,/p/312524721
rggtggggggg?Vq?,/p/312524704
c{'?g,/p/312524655
最不要脸的一个王军,/p/312292111
大家好 我是lv老总,/p/311931103
没有女生叫这个名字的吗?,/p/98928412
我不喜欢这个名字,/p/308241103
我的稻草人，你一定要记住啊,/p/304296903
记住我们的约定！一定要记住！！,/p/304296673
沈阳的叫 王军 的来,/p/21315001
我的老公也叫王军,/p/20406975
她是谁啊?,/p/302599309
王军他妈的啃手指,/p/289062353
支持王军抢注老外的商标太爽了~~~,/p/302002906
杭州药检所的shit,/p/297002730
王军是傻子,/p/289061826
军军哥哥 是我啊:),/p/288928739
我是华中师范的王军,/p/286616796
什么破名字，一点个性没有,/p/285470472
找蕾蕾的王军，要是愿意我可以帮你找~！,/p/174697983
喜欢　翁梦瑶吧　的到　翁梦瑶吧　看看吧,/p/69783230
找呼市的王军,/p/112362218
我是江苏常州王军!!!!!!!~有缘的兄弟姐妹来碰碰头啊!!!~,/p/265904829
迷糊~那么多王军感觉是自己~,/p/270404205
EWEW,/p/268937300
盐城王军,/p/10704737
王铁军你在哪里？？楠在找你！！！,/p/264829368
【收集祝福】欢迎贵吧的朋友给张烁送去祝福,/p/263478003
妹妹妹妹妹妹,/p/258054680
LAI KAN,/p/187418992
看下这个王军`~很不错``,/p/254480319
各地的王军都来啊。。。。。。。。。。。。。。。。。。,/p/243883496
"杭州有一个叫王军的,老家在东阳,他是我爸",/p/250089426
有没85年阴厉8月29的王军,/p/135116402
小日本,/p/236700363
叫这个的都是男的吧,/p/234958798
找``武汉的 王军,/p/229589115
我叫王筠,/p/228929476
潍坊三中的王军,/p/117444155
王军，青云在找你。,/p/210704893
我爱,/p/225790406
123,/p/223988880
郁闷`咋这么多儿子啊` 我儿子也叫王军,/p/180273996
啊 真亲切啊 我也是王军,/p/220520313
成都广院的王军,/p/217035130
有朋自远方来不 亦乐呼,/p/213851320
老子叫王军 吉林的,/p/165348232
王军真的很帅! 2007加油!好男儿!,/p/207662465
据调查在中国有86万人叫王军！！！！,/p/199871509
我爱的人,/p/202741257
俺爸叫王军,/p/198366502
我对王军没有通过YOYO体测而深表遗憾，希望王军再接再厉！,/p/77775728
天津某名牌大学的王军到此一游,/p/197450490
我也叫王军哦,/p/193377313
王军,/p/191369597
王军,/p/191368344
我是王军啊,/p/189718239
llkkjk,/p/187576860
王军你一定要去，一定一定要去，不去会后悔一辈子的。,/p/95332283
"在苏州美捷教拉丁的王军进,认得他的人也可以",/p/128822818
我是王军,/p/179732406
"我也叫王军,长治的我",/p/179606369
我也叫王军,/p/179606040
找女朋友,/p/179312416
找女友,/p/179311912
青岛的王军都来这里,/p/150020989
王军在视频,/p/175853244
"我是山西的王军,大家可以加我",/p/175016775
你们都改名吧,/p/174880500
我爸叫王军,/p/77621642
王军啊，你在哪里！,/p/20407055
"国企中信集团老总也叫王军,以它为荣,学习的棒样.",/p/21262306
王军明年要退役了...........,/p/123742513
大连王军有2552人,/p/78935496
我找青岛财经学校的王军老师,/p/117814688
【曹阳】曹阳吧祝大家圣诞快乐,/p/157601464
【烁吧】祝王军所有FANS圣诞节快乐,/p/157500574
王军,/p/156581513
青岛的王军都进来,/p/152552204
我是山西介休的王军,/p/21811898
雪乡的王哥你好,/p/150392790
送给东北雪乡的王军哥,/p/150390514
55756468吧主，请进。,/p/61944743
兰州的王军寻求知音````,/p/147800927
我是浙大王军,/p/18124543
成都理大学广播影视学院的王军，你是一个xxx,/p/140766538
成都理工大学广播影视学院的王军,/p/140766317
【邀请】冯扬吧诚意邀请各位！,/p/134485598
55756468吧主请进,/p/134359666
我来了,/p/131667559
有在广州叫:王军,/p/90657520
唯一的王军.cn/.中国 域名仅几千元低价出让,/p/125895164
不是最大的可是最有水平的专用聊天群。欢迎大家一起聊天，评球。伴,/p/116731586
喜欢泰达的朋友欢迎登陆 爽GOAL球迷 贴吧 。,/p/116446644
我是陕西渭南的王军 我愿意找到和我同年同日生的 有意者加我QQ5913,/p/116135604
【祝福】刘云飞吧祝大家情人节快乐，呵呵！！！,/p/83442611
我爱他,/p/114366392
有一个很帅气的男模叫王军,/p/90796336
模特王军,/p/86911086
啊哈啊,/p/111280857
国际学校的王军在吗？*******~~~~~~~~,/p/110749765
我是新乡延津的王军,/p/110571949
【祝福】烁吧祝军哥生日快乐,/p/109034796
【祝福】王霄吧也祝军哥生日快乐了,/p/109035412
【祝福】燕吧祝军哥生日快乐,/p/109035218
我是延安、洛川的王军。大家好哦。我想找密友哦/,/p/105777089
陕西 延安 王军,/p/103492070
【毛彪吧】祝大家粽子节快乐~~,/p/103580068
王军确实很多,/p/6958501
【分享】曹阳吧欢迎大家做客!!!!,/p/101266808
【邀请贴】欢迎大家到赵燕明吧做客！,/p/98523005
【毛毛】毛彪来毛彪吧留言了`欢迎大家去看看,/p/98012360
宵队的群：23744103,/p/97232769
曹阳的群：16803113,/p/97232739
王君,/p/38682325
yyyy,/p/89840328
陈珊我爱你,/p/70969916
生如夏花之绚烂 死如秋夜之静美 ˇＺ·Ｈ♂,/p/22389009
俺叫王军,/p/86252649
天津的王军 有女人找我吗,/p/67944085
帮朋友做个宣传,/p/76437874
刘云飞吧祝大家元旦快乐,/p/74873252
寻找沈阳的王军我爱你,/p/65585953
问候,/p/68072799
明娟，我爱你，不管在哪里在何时！,/p/68023650
1,/p/66011323
喜欢周森的到周森吧看看啊,/p/60764150
我叫王军沈阳（苏）的QQ号是67532483有缘的朋友加我啊,/p/49678092
迟嵘亮吧祝王军吧国庆快乐！,/p/45123824
蒿俊闵贴吧祝王军吧10.1快乐~~~~~,/p/44892003
天津最大的QQ高级球迷群泰达球迷高级群:9342383,/p/42686236
天津最大的QQ高级球迷群泰达球迷高级群:9342383 天津最大的QQ高级,/p/42686196
山东淄博协亨王军等待你的到来,/p/13238379
这就是我````王军,/p/13238239
我王军`,/p/13238125
ab,/p/12156257
我爱你毛银霞,/p/832964
王军，公主岭的田猫在找你,/p/10525256
"我是叫王军在辽宁省你们在那了,",/p/10391208
Windows,/p/2704579
2019抖音最火的50大中文歌曲合集 抖音最火的无损音乐50首合集,/p/6335140323
清寨谷生态园新农人分享:小时候的年，是爸买回来的肉，是妈给我,/p/5539137186
王军，想找同年同月同日生的王军。,/p/99433400
寻找99年王军,/p/4769528605
安徽王军 2001  02 20 过来报个到  QQ1984,/p/5829107420
王军 《远方》歌词,/p/5552609695
王军之家  留下 地址 QQ 年龄,/p/850994614
王军面诊视频,/p/5252724761
王军耳软骨隆鼻面诊视频,/p/5235344369
1996年5月10日，,/p/4008846924
我想你，王军,/p/764614929
著名歌手《张狄》兄弟的新歌出炉,/p/4967021772
"甘肃创业人第六届同乡会迎新联谊晚会总结
在金鸡报喜，喜迎新年，",/p/4927400501
永年洺关王军在广州湛江海军，90年服役，战友找你请回复,/p/4879630414
"找王军,江西九江人",/p/576963106
这么嚣张的司机,/p/4821793351
"蕾蕾,我是王军,你在哪?",/p/145288940
叔村王军叔村王平，他热爱祖国、,/p/4717690017
结交同年同月同名的,/p/4486799968
夏天快到啦，大家还为自己没有A4腰着急吗？,/p/4446104721
来报个到,/p/4409580832
王军，留名,/p/3905561360
有没四川的王军。留地名,/p/1035883792
金猴贺岁  横扫千军新年礼,/p/4334023999
王军这名字已经烂大街了，我认识的王军肯定不是你们认识的王军,/p/4225649392
签到都签到十一级了…,/p/4195177111
画家王军教授清华硕士国家一级美朮师,/p/4180893398
有王军画家吗？请留名！,/p/798943370
游走,/p/4126729934
好心人,/p/4062547594
王军,/p/4055819297
王军,/p/3971413126
我创建了山东王军群山东的王军进来聊聊,/p/588764719
考到石家庄铁道学院2002级计算机班 王军,/p/3794354299
我想找湖南澧县一中的王军,/p/3794351177
123,/p/3787262669
我是湖南长沙王军,/p/1381403623
荆楚理工94计算机王军加我QQ1774348435,/p/3568355238
王军，,/p/3454839674
wongjun@sohu.com,/p/1418993004
王军，还记得我吗？,/p/635647318
我创了个群 里面都是叫王军的 王军们都+进来,/p/102822446
每当有事情无法解决的时候，我就想到了你,/p/1359473623
有谁知道王军那案子咋样了？,/p/1268937034
寻人启事  （欠钱跑路的）,/p/1288095879
【王军】 全球都能上的春晚◥◣●◢◤”,/p/1275022250
偶也叫王军，哈哈,/p/1267787004
王军朋,/p/1253162936
对不起,/p/1245112343
财政王军与郭美美,/p/1165471462
快把搞郭美美那个王军，拉去活埋！！,/p/1165375761
要求调查财政部长王军,/p/1183142535
王震之子是这个人，,/p/1168444960
哈哈，这么多都是叫王军！~~~~~~~~~,/p/1186649174
我想你了，旧宫王军88年,/p/778948550
！王军（独家），各位抓紧看,/p/1171578755
大家好 我是中红博爱的王军,/p/1172238183
如此雷人的淘宝客服,/p/1174691180
没想到她能如此淫乱,/p/1163359378
GANHUO,/p/1167643387
有谁知道王军和郭霉霉的情侣表是啥牌子呀？,/p/1141019140
我也叫王军 留个名,/p/1163194619
晒晒自己的QQ空间,/p/1047866002
哈哈,/p/1155459345
                江西九江 佳能厂的刘方方找你SB大叔,/p/1151830993
郭霉霉让希特勒生气了？？？,/p/1138691204
湖北王军,/p/1135631234
世界有多少王军请留名。,/p/10403682
寻湖北襄樊牛首王军,/p/1132456730
到底是哪个叫王军啊，这么牛,/p/1133347585
现在流行炫富？？,/p/1133446219
93年王军求异性，同志们勿喷！！！！,/p/1122948070
帮我看下这2个手表是什么牌子的呀？,/p/1120098148
叫王军的 <女> 请进来 看看女的多还是男的多,/p/320754063
找寻济南武警二支队保定 战友周京杰  王军,/p/1090643955
王军,/p/1085370295
免费陪你—王军,/p/903571791
出生于8月1日叫王军的...,/p/1024078952
我叫王军,/p/1062048654
小涧镇中学 王军，寻同学,/p/1044560719
我老师叫王军,/p/172353625
我爱王军！,/p/1018843655
河间职教体育老师王军,/p/990675456
王军证件,/p/993797295
寻---河间王军！,/p/623267591
找同学,/p/995361541
寻找1983.02.10的王军,/p/999973806
恨,/p/990986843
王军的命运,/p/966879162
我的愿忘是找一个女王军结婚,/p/959947655
王军说的评书录音！,/p/950006511
俺也叫王军家山东济宁的,/p/930873359
十年了，你是否已将我遗忘？,/p/648792427
北京叫王军的立即站出来。QQ544322113,/p/149773544
"你我有一种特别的缘份,因为你我的姓名都叫""王军"".请加Q群:70330340",/p/493663860
我是安徽的王军~还有哪个地方有我哥们啊~~~留个名~~~,/p/65818203
500人超级群，叫王军的都加，,/p/825246133
顶起`这么多的王军`我们是最棒的`所以我们的贴也要最棒`,/p/132670546
十三中王军,/p/704437142
山西的王军，进来顶下,/p/141979897
王军（桐城金神）,/p/851456112
到底有多少王军,/p/4285900
王军，你是什么星座？,/p/797207798
海天英语老师王军怎么样啊,/p/791972331
昆明“人民币哥”能警醒公民意识吗？,/p/838783653
我不叫王军…但是…,/p/687234218
大纲公布以后，应该如何安排复习呢？,/p/834035904
织金牛场王军1987认识勒进,/p/832577446
"王军变身""人民币哥""",/p/830774958
找四川王军,/p/671099854
老兵王军,/p/78973110
过来看看,/p/826010168
牙牙鱼找王军 张哲找王军 哥 我很想你！我电话13879995290 QQ 1186,/p/612638236
王军  要加油,/p/787019099
王军老师的课程,/p/792544441
我与考研高辅学生的那些事——愤怒,/p/812954595
我与考研高辅学生的那些事——泪水,/p/812953681
我与考研高辅学生的那些事——微笑,/p/812953619
往来时,/p/812712217
我回来了`兄弟门怎么样啊`多发点贴呀`,/p/132670432
海天考研细数考研成功者特质一,/p/811832878
我爱朱群燕,/p/13238591
找和我同年同日生的王军   顺便 我名字也叫王军,/p/803328427
有没有 87年6月27的王军,/p/802024960
有萧县王军吗？,/p/798948345
找同学王军,/p/793476454
哈哈哈哈,/p/782797763
回复:我心中的王军,/p/97408953
我的爱人－王军,/p/137664682
寻找叫王军的朋友,/p/764733203
王军们，我叫王军令，初来乍到，还望各位多多关照。,/p/768144847
京城神探 王军 单田芳播讲,/p/773834431
找湖北钟祥丰乐的王军,/p/773260362
我认识的王军。校草级的！帅帅!,/p/283926443
我叫王军,/p/144627116
寻找同月同日人,/p/768310124
请祝福我!我要结婚啦!,/p/199008421
讷河的王军,/p/286108462
"好兄弟""王军""",/p/681603882
叫王军的都进来看看,/p/762384992
WANGJUN,/p/757933668
大叔~！ 您上当了~！,/p/756503002
我是王军他爹！,/p/235218643
有谁是北京51125部队的,/p/505073904
找王军,/p/226605611
“共助云之南”百位当代艺术家赈灾项目启动!,/p/748894158
王军你不行,/p/739060953
来自宁夏平罗。。。呵,/p/744105081
"原谅我吧,王军",/p/197752829
王军,/p/606400687
我是凤阳的王军寻找二十年前同学王军我们都是二中的,/p/742198140
长沙的王军向您问好！,/p/561049118
寻找同年同月同日生的王军--我81年6月7日出生,/p/470370322
哈哈,/p/722993572
寻信阳市固始县王军,/p/721370379
谁个还喜欢信阳的王军,/p/624130280
王军祝全国所有的王军及家人新年快乐，事事顺心！,/p/712636578
南京十三中王校长,/p/704447668
四川远航有限公司 王军,/p/704739480
南京十三中王军,/p/704436708
同年同月生的！王军,/p/615115867
甘肃白银的王军,/p/693331922
王军吧主欢迎大家对王军贴吧的支持！,/p/690570663
···王军发图站···,/p/184584308
洞口的王军有吗,/p/121882434
"中国的王军来相聚,可以吗?",/p/609395707
"老子是陕西的王军,给老子改名.我听到不爽啊",/p/187237865
花10万人民币买王军首级！！！！！！,/p/647595979
石河子王军前来xxoo,/p/590554736
我认识一个叫王军的，她是我的同学，我很爱她！可是她不爱我,/p/649096978
不知道这多王军中谁最牛B！（大家说说自己是做什么的）,/p/111917045
我是浙江的...,/p/653629491
山东王军,/p/615243539
我是1985.07.24的,/p/364904343
王军 他的妈妈死了,/p/667022891
老子要改名,/p/662059254
北京打工,/p/661698229
北京荔湾厅,/p/661696513
寻找天津育红中学毕业的王军,/p/661607597
湖北赤壁的王军2我们不能做朋友吗？,/p/655817695
我是男人,/p/484506436
阳历八七年11月20的王军,/p/624131132
猪鼻子插大葱--装象,/p/632120486
猪鼻子插大葱--装象,/p/632120336
猪鼻子插大葱--装象,/p/632101171
寻找安徽灵璧尹集的一个自然村的王军,/p/627807326
陕西的王军,/p/623344535
我爸爸叫王军,/p/206439526
长治王军黑道大哥,/p/611101591
强烈鄙视那个南京十三中校长的王军,/p/607378660
我是甘肃天水王军,/p/607228659
找河南光山的王军 谢谢,/p/590820894
我的爸爸也叫王军,/p/167257516
那个王军是黑客高手！,/p/602669579
我有个同学叫王军?,/p/242632231
"我是王军 拣垃圾的,一家有7口",/p/320748503
张雪静《王军爱上你了！很爱！,/p/598608044
王军失踪,/p/580436497
我叫王军，我喜欢上叫许念的丫头了,/p/595608727
王军万岁！！！,/p/592709213
我也叫王军,/p/588120118
寻找太原的女王军,/p/516589198
山东，济宁，邹县，王家集的王军你在哪？,/p/196974071
我爱的人，王军 ~,/p/559839851
寻湖北仙桃叫王志勇认识王军的,/p/560476439
寻辽宁　抚顺市的王军,/p/541842717
王军找爱人。电话13752405792,/p/552038100
王军 王军 王军,/p/544128040
叫王军的都进来加群吧！~！~,/p/543848491
出卖记忆－－－王军,/p/408617567
▁▂▃▄▅▆▇█▉测试1▁▂▃▄▅▆▇█▉,/p/531565905
▁▂▃▄▅▆▇█▉测试▁▂▃▄▅▆▇█▉,/p/531565712
成都理工大学广播影视学院的王军,/p/490844634
北京东城区的王军，我有话要告诉你,/p/476882662
王军，你在哪，我到了湖南准备去你家,/p/67935789
大连王军知多少,/p/513241113
王军，你要回答我。,/p/506121625
九七年在沭阳警卫培训中心的同学们13962452163王军。,/p/517053722
王晓军我还是爱你的~,/p/515142931
大连的王军请加我,/p/508330050
天呐！吴凡来报道拉，吧主！你为啥要删我帖子，我是给我家王军看吖,/p/501044346
"王军 1977年7月2日出生北京的,有认识的吗?",/p/358866479
我的前夫叫王军,/p/77504867
我就是王军,/p/475396539
王军，NB的人,/p/473514406
我儿子王军来了吗,/p/466662998
原合肥散装水泥王军,/p/472401577
321,/p/469529840
同年同月日的王军，邓州林扒的最好！,/p/446132131
爱情是我的信仰，但是是我永远实现不了的幻觉,/p/425180858
照片,/p/418845393
军军哥哥，是我啊：）,/p/288929136
祝福天下所有的王军,/p/312711104
偶叫王军,/p/384042701
开封王军,/p/377788047
哈哈,/p/368342390
辽宁·铁岭 师范高等专科学校——王军！~,/p/152839268
我也叫王军,/p/339484174
有这么多人叫王军，看来我们老爸都是一个村的。,/p/345340577
王军不是好人,/p/342072935
对于 拉丁老师 王军,/p/334370504
我叫王军，不想活了,/p/176359363
|3220 　　许亮ＳＢＳＢ... xgis,/p/329218080
|9968 　　许亮ＳＢＳＢ... ocgm,/p/329218079
|5325 　　许亮ＳＢＳＢ... qpsl,/p/329218078
|1760 　　许亮ＳＢＳＢ... siue,/p/329218029
ijyi%2黑鲍娇。。爆死黑鲍娇。。40744074,/p/328845751
srkx%2黑鲍娇。。爆死黑鲍娇。。46064606,/p/328845749
whlu%2黑鲍娇。。爆死黑鲍娇。。14141414,/p/328845743
evxd%2黑鲍娇。。爆死黑鲍娇。。44504450,/p/328845742
ttzj%2黑鲍娇。。爆死黑鲍娇。。21832183,/p/328845682
rstk%2黑鲍娇。。爆死黑鲍娇。。82218221,/p/328845679
gqti%2黑鲍娇。。爆死黑鲍娇。。81868186,/p/328845673
nswo%2黑鲍娇。。爆死黑鲍娇。。96699669,/p/328845665
jpmt%2黑鲍娇。。爆死黑鲍娇。。33013301,/p/328845441
psjw%2黑鲍娇。。爆死黑鲍娇。。86108610,/p/328845165
mreu%2黑鲍娇。。爆死黑鲍娇。。97589758,/p/328845156
sykj%2黑鲍娇。。爆死黑鲍娇。。39283928,/p/328845146
jdnb%2黑鲍娇。。爆死黑鲍娇。。88798879,/p/328845142
exns%2黑鲍娇。。爆死黑鲍娇。。64826482,/p/328845100
mplw%2黑鲍娇。。爆死黑鲍娇。。90489048,/p/328845083
xdra%2黑鲍娇。。爆死黑鲍娇。。85448544,/p/328845080
oydo%2黑鲍娇。。爆死黑鲍娇。。27832783,/p/328845074
qtry%2黑鲍娇。。爆死黑鲍娇。。66616661,/p/328845015
hbpo%2黑鲍娇。。爆死黑鲍娇。。21732173,/p/328845006
wrff%2黑鲍娇。。爆死黑鲍娇。。17561756,/p/328845001
我爱王军，新疆米泉的王军,/p/327823233
范萍我永远爱你,/p/149739111
sxcs,/p/325577774
王军,/p/322422231
我的老师叫王军,/p/114750908
!5Pk(,/p/312525969
_v&A\,/p/312525718
rggtggggggge/Js,/p/312525637
+F^,/p/312525617
(?]{2,/p/312525606
"""=[r)",/p/312525047
rggtggggggg ;Yq',/p/312525034
rggtggggggg3Kf}:,/p/312524972
Mk3[,/p/312524929
rggtgggggggp :Uz,/p/312524721
rggtggggggg?Vq?,/p/312524704
c{'?g,/p/312524655
最不要脸的一个王军,/p/312292111
大家好 我是lv老总,/p/311931103
没有女生叫这个名字的吗?,/p/98928412
我不喜欢这个名字,/p/308241103
我的稻草人，你一定要记住啊,/p/304296903
记住我们的约定！一定要记住！！,/p/304296673
沈阳的叫 王军 的来,/p/21315001
我的老公也叫王军,/p/20406975
她是谁啊?,/p/302599309
王军他妈的啃手指,/p/289062353
支持王军抢注老外的商标太爽了~~~,/p/302002906
杭州药检所的shit,/p/297002730
王军是傻子,/p/289061826
军军哥哥 是我啊:),/p/288928739
我是华中师范的王军,/p/286616796
什么破名字，一点个性没有,/p/285470472
找蕾蕾的王军，要是愿意我可以帮你找~！,/p/174697983
喜欢　翁梦瑶吧　的到　翁梦瑶吧　看看吧,/p/69783230
找呼市的王军,/p/112362218
我是江苏常州王军!!!!!!!~有缘的兄弟姐妹来碰碰头啊!!!~,/p/265904829
迷糊~那么多王军感觉是自己~,/p/270404205
EWEW,/p/268937300
盐城王军,/p/10704737
王铁军你在哪里？？楠在找你！！！,/p/264829368
【收集祝福】欢迎贵吧的朋友给张烁送去祝福,/p/263478003
妹妹妹妹妹妹,/p/258054680
LAI KAN,/p/187418992
看下这个王军`~很不错``,/p/254480319
各地的王军都来啊。。。。。。。。。。。。。。。。。。,/p/243883496
"杭州有一个叫王军的,老家在东阳,他是我爸",/p/250089426
有没85年阴厉8月29的王军,/p/135116402
小日本,/p/236700363
叫这个的都是男的吧,/p/234958798
找``武汉的 王军,/p/229589115
我叫王筠,/p/228929476
潍坊三中的王军,/p/117444155
王军，青云在找你。,/p/210704893
我爱,/p/225790406
123,/p/223988880
郁闷`咋这么多儿子啊` 我儿子也叫王军,/p/180273996
啊 真亲切啊 我也是王军,/p/220520313
成都广院的王军,/p/217035130
有朋自远方来不 亦乐呼,/p/213851320
老子叫王军 吉林的,/p/165348232
王军真的很帅! 2007加油!好男儿!,/p/207662465
据调查在中国有86万人叫王军！！！！,/p/199871509
我爱的人,/p/202741257
俺爸叫王军,/p/198366502
我对王军没有通过YOYO体测而深表遗憾，希望王军再接再厉！,/p/77775728
天津某名牌大学的王军到此一游,/p/197450490
我也叫王军哦,/p/193377313
王军,/p/191369597
王军,/p/191368344
我是王军啊,/p/189718239
llkkjk,/p/187576860
王军你一定要去，一定一定要去，不去会后悔一辈子的。,/p/95332283
"在苏州美捷教拉丁的王军进,认得他的人也可以",/p/128822818
我是王军,/p/179732406
"我也叫王军,长治的我",/p/179606369
我也叫王军,/p/179606040
找女朋友,/p/179312416
找女友,/p/179311912
青岛的王军都来这里,/p/150020989
王军在视频,/p/175853244
"我是山西的王军,大家可以加我",/p/175016775
你们都改名吧,/p/174880500
我爸叫王军,/p/77621642
王军啊，你在哪里！,/p/20407055
"国企中信集团老总也叫王军,以它为荣,学习的棒样.",/p/21262306
王军明年要退役了...........,/p/123742513
大连王军有2552人,/p/78935496
我找青岛财经学校的王军老师,/p/117814688
【曹阳】曹阳吧祝大家圣诞快乐,/p/157601464
【烁吧】祝王军所有FANS圣诞节快乐,/p/157500574
王军,/p/156581513
青岛的王军都进来,/p/152552204
我是山西介休的王军,/p/21811898
雪乡的王哥你好,/p/150392790
送给东北雪乡的王军哥,/p/150390514
55756468吧主，请进。,/p/61944743
兰州的王军寻求知音````,/p/147800927
我是浙大王军,/p/18124543
成都理大学广播影视学院的王军，你是一个xxx,/p/140766538
成都理工大学广播影视学院的王军,/p/140766317
【邀请】冯扬吧诚意邀请各位！,/p/134485598
55756468吧主请进,/p/134359666
我来了,/p/131667559
有在广州叫:王军,/p/90657520
唯一的王军.cn/.中国 域名仅几千元低价出让,/p/125895164
不是最大的可是最有水平的专用聊天群。欢迎大家一起聊天，评球。伴,/p/116731586
喜欢泰达的朋友欢迎登陆 爽GOAL球迷 贴吧 。,/p/116446644
我是陕西渭南的王军 我愿意找到和我同年同日生的 有意者加我QQ5913,/p/116135604
【祝福】刘云飞吧祝大家情人节快乐，呵呵！！！,/p/83442611
我爱他,/p/114366392
有一个很帅气的男模叫王军,/p/90796336
模特王军,/p/86911086
啊哈啊,/p/111280857
国际学校的王军在吗？*******~~~~~~~~,/p/110749765
我是新乡延津的王军,/p/110571949
【祝福】烁吧祝军哥生日快乐,/p/109034796
【祝福】王霄吧也祝军哥生日快乐了,/p/109035412
【祝福】燕吧祝军哥生日快乐,/p/109035218
我是延安、洛川的王军。大家好哦。我想找密友哦/,/p/105777089
陕西 延安 王军,/p/103492070
【毛彪吧】祝大家粽子节快乐~~,/p/103580068
王军确实很多,/p/6958501
【分享】曹阳吧欢迎大家做客!!!!,/p/101266808
【邀请贴】欢迎大家到赵燕明吧做客！,/p/98523005
【毛毛】毛彪来毛彪吧留言了`欢迎大家去看看,/p/98012360
宵队的群：23744103,/p/97232769
曹阳的群：16803113,/p/97232739
王君,/p/38682325
yyyy,/p/89840328
陈珊我爱你,/p/70969916
生如夏花之绚烂 死如秋夜之静美 ˇＺ·Ｈ♂,/p/22389009
俺叫王军,/p/86252649
天津的王军 有女人找我吗,/p/67944085
帮朋友做个宣传,/p/76437874
刘云飞吧祝大家元旦快乐,/p/74873252
寻找沈阳的王军我爱你,/p/65585953
问候,/p/68072799
明娟，我爱你，不管在哪里在何时！,/p/68023650
1,/p/66011323
喜欢周森的到周森吧看看啊,/p/60764150
我叫王军沈阳（苏）的QQ号是67532483有缘的朋友加我啊,/p/49678092
迟嵘亮吧祝王军吧国庆快乐！,/p/45123824
蒿俊闵贴吧祝王军吧10.1快乐~~~~~,/p/44892003
天津最大的QQ高级球迷群泰达球迷高级群:9342383,/p/42686236
天津最大的QQ高级球迷群泰达球迷高级群:9342383 天津最大的QQ高级,/p/42686196
山东淄博协亨王军等待你的到来,/p/13238379
这就是我````王军,/p/13238239
我王军`,/p/13238125
ab,/p/12156257
我爱你毛银霞,/p/832964
王军，公主岭的田猫在找你,/p/10525256
"我是叫王军在辽宁省你们在那了,",/p/10391208
Windows,/p/2704579
2019抖音最火的50大中文歌曲合集 抖音最火的无损音乐50首合集,/p/6335140323
清寨谷生态园新农人分享:小时候的年，是爸买回来的肉，是妈给我,/p/5539137186
王军，想找同年同月同日生的王军。,/p/99433400
寻找99年王军,/p/4769528605
安徽王军 2001  02 20 过来报个到  QQ1984,/p/5829107420
王军 《远方》歌词,/p/5552609695
王军之家  留下 地址 QQ 年龄,/p/850994614
王军面诊视频,/p/5252724761
王军耳软骨隆鼻面诊视频,/p/5235344369
1996年5月10日，,/p/4008846924
我想你，王军,/p/764614929
著名歌手《张狄》兄弟的新歌出炉,/p/4967021772
"甘肃创业人第六届同乡会迎新联谊晚会总结
在金鸡报喜，喜迎新年，",/p/4927400501
永年洺关王军在广州湛江海军，90年服役，战友找你请回复,/p/4879630414
"找王军,江西九江人",/p/576963106
这么嚣张的司机,/p/4821793351
"蕾蕾,我是王军,你在哪?",/p/145288940
叔村王军叔村王平，他热爱祖国、,/p/4717690017
结交同年同月同名的,/p/4486799968
夏天快到啦，大家还为自己没有A4腰着急吗？,/p/4446104721
来报个到,/p/4409580832
王军，留名,/p/3905561360
有没四川的王军。留地名,/p/1035883792
金猴贺岁  横扫千军新年礼,/p/4334023999
王军这名字已经烂大街了，我认识的王军肯定不是你们认识的王军,/p/4225649392
签到都签到十一级了…,/p/4195177111
画家王军教授清华硕士国家一级美朮师,/p/4180893398
有王军画家吗？请留名！,/p/798943370
游走,/p/4126729934
好心人,/p/4062547594
王军,/p/4055819297
王军,/p/3971413126
我创建了山东王军群山东的王军进来聊聊,/p/588764719
考到石家庄铁道学院2002级计算机班 王军,/p/3794354299
我想找湖南澧县一中的王军,/p/3794351177
123,/p/3787262669
我是湖南长沙王军,/p/1381403623
荆楚理工94计算机王军加我QQ1774348435,/p/3568355238
王军，,/p/3454839674
wongjun@sohu.com,/p/1418993004
王军，还记得我吗？,/p/635647318
我创了个群 里面都是叫王军的 王军们都+进来,/p/102822446
每当有事情无法解决的时候，我就想到了你,/p/1359473623
有谁知道王军那案子咋样了？,/p/1268937034
寻人启事  （欠钱跑路的）,/p/1288095879
【王军】 全球都能上的春晚◥◣●◢◤”,/p/1275022250
偶也叫王军，哈哈,/p/1267787004
王军朋,/p/1253162936
对不起,/p/1245112343
财政王军与郭美美,/p/1165471462
快把搞郭美美那个王军，拉去活埋！！,/p/1165375761
要求调查财政部长王军,/p/1183142535
王震之子是这个人，,/p/1168444960
哈哈，这么多都是叫王军！~~~~~~~~~,/p/1186649174
我想你了，旧宫王军88年,/p/778948550
！王军（独家），各位抓紧看,/p/1171578755
大家好 我是中红博爱的王军,/p/1172238183
如此雷人的淘宝客服,/p/1174691180
没想到她能如此淫乱,/p/1163359378
GANHUO,/p/1167643387
有谁知道王军和郭霉霉的情侣表是啥牌子呀？,/p/1141019140
我也叫王军 留个名,/p/1163194619
晒晒自己的QQ空间,/p/1047866002
哈哈,/p/1155459345
                江西九江 佳能厂的刘方方找你SB大叔,/p/1151830993
郭霉霉让希特勒生气了？？？,/p/1138691204
湖北王军,/p/1135631234
世界有多少王军请留名。,/p/10403682
寻湖北襄樊牛首王军,/p/1132456730
到底是哪个叫王军啊，这么牛,/p/1133347585
现在流行炫富？？,/p/1133446219
93年王军求异性，同志们勿喷！！！！,/p/1122948070
帮我看下这2个手表是什么牌子的呀？,/p/1120098148
叫王军的 <女> 请进来 看看女的多还是男的多,/p/320754063
找寻济南武警二支队保定 战友周京杰  王军,/p/1090643955
王军,/p/1085370295
免费陪你—王军,/p/903571791
出生于8月1日叫王军的...,/p/1024078952
我叫王军,/p/1062048654
小涧镇中学 王军，寻同学,/p/1044560719
我老师叫王军,/p/172353625
我爱王军！,/p/1018843655
河间职教体育老师王军,/p/990675456
王军证件,/p/993797295
寻---河间王军！,/p/623267591
找同学,/p/995361541
寻找1983.02.10的王军,/p/999973806
恨,/p/990986843
王军的命运,/p/966879162
我的愿忘是找一个女王军结婚,/p/959947655
王军说的评书录音！,/p/950006511
俺也叫王军家山东济宁的,/p/930873359
十年了，你是否已将我遗忘？,/p/648792427
北京叫王军的立即站出来。QQ544322113,/p/149773544
"你我有一种特别的缘份,因为你我的姓名都叫""王军"".请加Q群:70330340",/p/493663860
我是安徽的王军~还有哪个地方有我哥们啊~~~留个名~~~,/p/65818203
500人超级群，叫王军的都加，,/p/825246133
顶起`这么多的王军`我们是最棒的`所以我们的贴也要最棒`,/p/132670546
十三中王军,/p/704437142
山西的王军，进来顶下,/p/141979897
王军（桐城金神）,/p/851456112
到底有多少王军,/p/4285900
王军，你是什么星座？,/p/797207798
海天英语老师王军怎么样啊,/p/791972331
昆明“人民币哥”能警醒公民意识吗？,/p/838783653
我不叫王军…但是…,/p/687234218
大纲公布以后，应该如何安排复习呢？,/p/834035904
织金牛场王军1987认识勒进,/p/832577446
"王军变身""人民币哥""",/p/830774958
找四川王军,/p/671099854
老兵王军,/p/78973110
过来看看,/p/826010168
牙牙鱼找王军 张哲找王军 哥 我很想你！我电话13879995290 QQ 1186,/p/612638236
王军  要加油,/p/787019099
王军老师的课程,/p/792544441
我与考研高辅学生的那些事——愤怒,/p/812954595
我与考研高辅学生的那些事——泪水,/p/812953681
我与考研高辅学生的那些事——微笑,/p/812953619
往来时,/p/812712217
我回来了`兄弟门怎么样啊`多发点贴呀`,/p/132670432
海天考研细数考研成功者特质一,/p/811832878
我爱朱群燕,/p/13238591
找和我同年同日生的王军   顺便 我名字也叫王军,/p/803328427
有没有 87年6月27的王军,/p/802024960
有萧县王军吗？,/p/798948345
找同学王军,/p/793476454
哈哈哈哈,/p/782797763
回复:我心中的王军,/p/97408953
我的爱人－王军,/p/137664682
寻找叫王军的朋友,/p/764733203
王军们，我叫王军令，初来乍到，还望各位多多关照。,/p/768144847
京城神探 王军 单田芳播讲,/p/773834431
找湖北钟祥丰乐的王军,/p/773260362
我认识的王军。校草级的！帅帅!,/p/283926443
我叫王军,/p/144627116
寻找同月同日人,/p/768310124
请祝福我!我要结婚啦!,/p/199008421
讷河的王军,/p/286108462
"好兄弟""王军""",/p/681603882
叫王军的都进来看看,/p/762384992
WANGJUN,/p/757933668
大叔~！ 您上当了~！,/p/756503002
我是王军他爹！,/p/235218643
有谁是北京51125部队的,/p/505073904
找王军,/p/226605611
“共助云之南”百位当代艺术家赈灾项目启动!,/p/748894158
王军你不行,/p/739060953
来自宁夏平罗。。。呵,/p/744105081
"原谅我吧,王军",/p/197752829
王军,/p/606400687
我是凤阳的王军寻找二十年前同学王军我们都是二中的,/p/742198140
长沙的王军向您问好！,/p/561049118
寻找同年同月同日生的王军--我81年6月7日出生,/p/470370322
哈哈,/p/722993572
寻信阳市固始县王军,/p/721370379
谁个还喜欢信阳的王军,/p/624130280
王军祝全国所有的王军及家人新年快乐，事事顺心！,/p/712636578
南京十三中王校长,/p/704447668
四川远航有限公司 王军,/p/704739480
南京十三中王军,/p/704436708
同年同月生的！王军,/p/615115867
甘肃白银的王军,/p/693331922
王军吧主欢迎大家对王军贴吧的支持！,/p/690570663
···王军发图站···,/p/184584308
洞口的王军有吗,/p/121882434
"中国的王军来相聚,可以吗?",/p/609395707
"老子是陕西的王军,给老子改名.我听到不爽啊",/p/187237865
花10万人民币买王军首级！！！！！！,/p/647595979
石河子王军前来xxoo,/p/590554736
我认识一个叫王军的，她是我的同学，我很爱她！可是她不爱我,/p/649096978
不知道这多王军中谁最牛B！（大家说说自己是做什么的）,/p/111917045
我是浙江的...,/p/653629491
山东王军,/p/615243539
我是1985.07.24的,/p/364904343
王军 他的妈妈死了,/p/667022891
老子要改名,/p/662059254
北京打工,/p/661698229
北京荔湾厅,/p/661696513
寻找天津育红中学毕业的王军,/p/661607597
湖北赤壁的王军2我们不能做朋友吗？,/p/655817695
我是男人,/p/484506436
阳历八七年11月20的王军,/p/624131132
猪鼻子插大葱--装象,/p/632120486
猪鼻子插大葱--装象,/p/632120336
猪鼻子插大葱--装象,/p/632101171
寻找安徽灵璧尹集的一个自然村的王军,/p/627807326
陕西的王军,/p/623344535
我爸爸叫王军,/p/206439526
长治王军黑道大哥,/p/611101591
强烈鄙视那个南京十三中校长的王军,/p/607378660
我是甘肃天水王军,/p/607228659
找河南光山的王军 谢谢,/p/590820894
我的爸爸也叫王军,/p/167257516
那个王军是黑客高手！,/p/602669579
我有个同学叫王军?,/p/242632231
"我是王军 拣垃圾的,一家有7口",/p/320748503
张雪静《王军爱上你了！很爱！,/p/598608044
王军失踪,/p/580436497
我叫王军，我喜欢上叫许念的丫头了,/p/595608727
王军万岁！！！,/p/592709213
我也叫王军,/p/588120118
寻找太原的女王军,/p/516589198
山东，济宁，邹县，王家集的王军你在哪？,/p/196974071
我爱的人，王军 ~,/p/559839851
寻湖北仙桃叫王志勇认识王军的,/p/560476439
寻辽宁　抚顺市的王军,/p/541842717
王军找爱人。电话13752405792,/p/552038100
王军 王军 王军,/p/544128040
叫王军的都进来加群吧！~！~,/p/543848491
出卖记忆－－－王军,/p/408617567
▁▂▃▄▅▆▇█▉测试1▁▂▃▄▅▆▇█▉,/p/531565905
▁▂▃▄▅▆▇█▉测试▁▂▃▄▅▆▇█▉,/p/531565712
成都理工大学广播影视学院的王军,/p/490844634
北京东城区的王军，我有话要告诉你,/p/476882662
王军，你在哪，我到了湖南准备去你家,/p/67935789
大连王军知多少,/p/513241113
王军，你要回答我。,/p/506121625
九七年在沭阳警卫培训中心的同学们13962452163王军。,/p/517053722
王晓军我还是爱你的~,/p/515142931
大连的王军请加我,/p/508330050
天呐！吴凡来报道拉，吧主！你为啥要删我帖子，我是给我家王军看吖,/p/501044346
"王军 1977年7月2日出生北京的,有认识的吗?",/p/358866479
我的前夫叫王军,/p/77504867
我就是王军,/p/475396539
王军，NB的人,/p/473514406
我儿子王军来了吗,/p/466662998
原合肥散装水泥王军,/p/472401577
321,/p/469529840
同年同月日的王军，邓州林扒的最好！,/p/446132131
爱情是我的信仰，但是是我永远实现不了的幻觉,/p/425180858
照片,/p/418845393
军军哥哥，是我啊：）,/p/288929136
祝福天下所有的王军,/p/312711104
偶叫王军,/p/384042701
开封王军,/p/377788047
哈哈,/p/368342390
辽宁·铁岭 师范高等专科学校——王军！~,/p/152839268
我也叫王军,/p/339484174
有这么多人叫王军，看来我们老爸都是一个村的。,/p/345340577
王军不是好人,/p/342072935
对于 拉丁老师 王军,/p/334370504
我叫王军，不想活了,/p/176359363
|3220 　　许亮ＳＢＳＢ... xgis,/p/329218080
|9968 　　许亮ＳＢＳＢ... ocgm,/p/329218079
|5325 　　许亮ＳＢＳＢ... qpsl,/p/329218078
|1760 　　许亮ＳＢＳＢ... siue,/p/329218029
ijyi%2黑鲍娇。。爆死黑鲍娇。。40744074,/p/328845751
srkx%2黑鲍娇。。爆死黑鲍娇。。46064606,/p/328845749
whlu%2黑鲍娇。。爆死黑鲍娇。。14141414,/p/328845743
evxd%2黑鲍娇。。爆死黑鲍娇。。44504450,/p/328845742
ttzj%2黑鲍娇。。爆死黑鲍娇。。21832183,/p/328845682
rstk%2黑鲍娇。。爆死黑鲍娇。。82218221,/p/328845679
gqti%2黑鲍娇。。爆死黑鲍娇。。81868186,/p/328845673
nswo%2黑鲍娇。。爆死黑鲍娇。。96699669,/p/328845665
jpmt%2黑鲍娇。。爆死黑鲍娇。。33013301,/p/328845441
psjw%2黑鲍娇。。爆死黑鲍娇。。86108610,/p/328845165
mreu%2黑鲍娇。。爆死黑鲍娇。。97589758,/p/328845156
sykj%2黑鲍娇。。爆死黑鲍娇。。39283928,/p/328845146
jdnb%2黑鲍娇。。爆死黑鲍娇。。88798879,/p/328845142
exns%2黑鲍娇。。爆死黑鲍娇。。64826482,/p/328845100
mplw%2黑鲍娇。。爆死黑鲍娇。。90489048,/p/328845083
xdra%2黑鲍娇。。爆死黑鲍娇。。85448544,/p/328845080
oydo%2黑鲍娇。。爆死黑鲍娇。。27832783,/p/328845074
qtry%2黑鲍娇。。爆死黑鲍娇。。66616661,/p/328845015
hbpo%2黑鲍娇。。爆死黑鲍娇。。21732173,/p/328845006
wrff%2黑鲍娇。。爆死黑鲍娇。。17561756,/p/328845001
我爱王军，新疆米泉的王军,/p/327823233
范萍我永远爱你,/p/149739111
sxcs,/p/325577774
王军,/p/322422231
我的老师叫王军,/p/114750908
!5Pk(,/p/312525969
_v&A\,/p/312525718
rggtggggggge/Js,/p/312525637
+F^,/p/312525617
(?]{2,/p/312525606
"""=[r)",/p/312525047
rggtggggggg ;Yq',/p/312525034
rggtggggggg3Kf}:,/p/312524972
Mk3[,/p/312524929
rggtgggggggp :Uz,/p/312524721
rggtggggggg?Vq?,/p/312524704
c{'?g,/p/312524655
最不要脸的一个王军,/p/312292111
大家好 我是lv老总,/p/311931103
没有女生叫这个名字的吗?,/p/98928412
我不喜欢这个名字,/p/308241103
我的稻草人，你一定要记住啊,/p/304296903
记住我们的约定！一定要记住！！,/p/304296673
沈阳的叫 王军 的来,/p/21315001
我的老公也叫王军,/p/20406975
她是谁啊?,/p/302599309
王军他妈的啃手指,/p/289062353
支持王军抢注老外的商标太爽了~~~,/p/302002906
杭州药检所的shit,/p/297002730
王军是傻子,/p/289061826
军军哥哥 是我啊:),/p/288928739
我是华中师范的王军,/p/286616796
什么破名字，一点个性没有,/p/285470472
找蕾蕾的王军，要是愿意我可以帮你找~！,/p/174697983
喜欢　翁梦瑶吧　的到　翁梦瑶吧　看看吧,/p/69783230
找呼市的王军,/p/112362218
我是江苏常州王军!!!!!!!~有缘的兄弟姐妹来碰碰头啊!!!~,/p/265904829
迷糊~那么多王军感觉是自己~,/p/270404205
EWEW,/p/268937300
盐城王军,/p/10704737
王铁军你在哪里？？楠在找你！！！,/p/264829368
【收集祝福】欢迎贵吧的朋友给张烁送去祝福,/p/263478003
妹妹妹妹妹妹,/p/258054680
LAI KAN,/p/187418992
看下这个王军`~很不错``,/p/254480319
各地的王军都来啊。。。。。。。。。。。。。。。。。。,/p/243883496
"杭州有一个叫王军的,老家在东阳,他是我爸",/p/250089426
有没85年阴厉8月29的王军,/p/135116402
小日本,/p/236700363
叫这个的都是男的吧,/p/234958798
找``武汉的 王军,/p/229589115
我叫王筠,/p/228929476
潍坊三中的王军,/p/117444155
王军，青云在找你。,/p/210704893
我爱,/p/225790406
123,/p/223988880
郁闷`咋这么多儿子啊` 我儿子也叫王军,/p/180273996
啊 真亲切啊 我也是王军,/p/220520313
成都广院的王军,/p/217035130
有朋自远方来不 亦乐呼,/p/213851320
老子叫王军 吉林的,/p/165348232
王军真的很帅! 2007加油!好男儿!,/p/207662465
据调查在中国有86万人叫王军！！！！,/p/199871509
我爱的人,/p/202741257
俺爸叫王军,/p/198366502
我对王军没有通过YOYO体测而深表遗憾，希望王军再接再厉！,/p/77775728
天津某名牌大学的王军到此一游,/p/197450490
我也叫王军哦,/p/193377313
王军,/p/191369597
王军,/p/191368344
我是王军啊,/p/189718239
llkkjk,/p/187576860
王军你一定要去，一定一定要去，不去会后悔一辈子的。,/p/95332283
"在苏州美捷教拉丁的王军进,认得他的人也可以",/p/128822818
我是王军,/p/179732406
"我也叫王军,长治的我",/p/179606369
我也叫王军,/p/179606040
找女朋友,/p/179312416
找女友,/p/179311912
青岛的王军都来这里,/p/150020989
王军在视频,/p/175853244
"我是山西的王军,大家可以加我",/p/175016775
你们都改名吧,/p/174880500
我爸叫王军,/p/77621642
王军啊，你在哪里！,/p/20407055
"国企中信集团老总也叫王军,以它为荣,学习的棒样.",/p/21262306
王军明年要退役了...........,/p/123742513
大连王军有2552人,/p/78935496
我找青岛财经学校的王军老师,/p/117814688
【曹阳】曹阳吧祝大家圣诞快乐,/p/157601464
【烁吧】祝王军所有FANS圣诞节快乐,/p/157500574
王军,/p/156581513
青岛的王军都进来,/p/152552204
我是山西介休的王军,/p/21811898
雪乡的王哥你好,/p/150392790
送给东北雪乡的王军哥,/p/150390514
55756468吧主，请进。,/p/61944743
兰州的王军寻求知音````,/p/147800927
我是浙大王军,/p/18124543
成都理大学广播影视学院的王军，你是一个xxx,/p/140766538
成都理工大学广播影视学院的王军,/p/140766317
【邀请】冯扬吧诚意邀请各位！,/p/134485598
55756468吧主请进,/p/134359666
我来了,/p/131667559
有在广州叫:王军,/p/90657520
唯一的王军.cn/.中国 域名仅几千元低价出让,/p/125895164
不是最大的可是最有水平的专用聊天群。欢迎大家一起聊天，评球。伴,/p/116731586
喜欢泰达的朋友欢迎登陆 爽GOAL球迷 贴吧 。,/p/116446644
我是陕西渭南的王军 我愿意找到和我同年同日生的 有意者加我QQ5913,/p/116135604
【祝福】刘云飞吧祝大家情人节快乐，呵呵！！！,/p/83442611
我爱他,/p/114366392
有一个很帅气的男模叫王军,/p/90796336
模特王军,/p/86911086
啊哈啊,/p/111280857
国际学校的王军在吗？*******~~~~~~~~,/p/110749765
我是新乡延津的王军,/p/110571949
【祝福】烁吧祝军哥生日快乐,/p/109034796
【祝福】王霄吧也祝军哥生日快乐了,/p/109035412
【祝福】燕吧祝军哥生日快乐,/p/109035218
我是延安、洛川的王军。大家好哦。我想找密友哦/,/p/105777089
陕西 延安 王军,/p/103492070
【毛彪吧】祝大家粽子节快乐~~,/p/103580068
王军确实很多,/p/6958501
【分享】曹阳吧欢迎大家做客!!!!,/p/101266808
【邀请贴】欢迎大家到赵燕明吧做客！,/p/98523005
【毛毛】毛彪来毛彪吧留言了`欢迎大家去看看,/p/98012360
宵队的群：23744103,/p/97232769
曹阳的群：16803113,/p/97232739
王君,/p/38682325
yyyy,/p/89840328
陈珊我爱你,/p/70969916
生如夏花之绚烂 死如秋夜之静美 ˇＺ·Ｈ♂,/p/22389009
俺叫王军,/p/86252649
天津的王军 有女人找我吗,/p/67944085
帮朋友做个宣传,/p/76437874
刘云飞吧祝大家元旦快乐,/p/74873252
寻找沈阳的王军我爱你,/p/65585953
问候,/p/68072799
明娟，我爱你，不管在哪里在何时！,/p/68023650
1,/p/66011323
喜欢周森的到周森吧看看啊,/p/60764150
我叫王军沈阳（苏）的QQ号是67532483有缘的朋友加我啊,/p/49678092
迟嵘亮吧祝王军吧国庆快乐！,/p/45123824
蒿俊闵贴吧祝王军吧10.1快乐~~~~~,/p/44892003
天津最大的QQ高级球迷群泰达球迷高级群:9342383,/p/42686236
天津最大的QQ高级球迷群泰达球迷高级群:9342383 天津最大的QQ高级,/p/42686196
山东淄博协亨王军等待你的到来,/p/13238379
这就是我````王军,/p/13238239
我王军`,/p/13238125
ab,/p/12156257
我爱你毛银霞,/p/832964
王军，公主岭的田猫在找你,/p/10525256
"我是叫王军在辽宁省你们在那了,",/p/10391208
Windows,/p/2704579
